ID_Persona,Nombre,FechaNacimiento,Email,Genero,Ciudad,Pais
1,Manuel Jodkowski,1998-01-29,mjodkowski0@census.gov,Male,Louisville,United States
2,Hilario Delaney,2000-02-01,hdelaney1@ox.ac.uk,Male,Shawnee Mission,United States
3,Glen Pridham,1996-07-22,gpridham2@smugmug.com,Male,Shawnee Mission,United States
4,Evangelina Stedmond,1996-02-18,estedmond3@meetup.com,Female,Olympia,United States
5,Shelby Teresse,1997-05-26,steresse4@elegantthemes.com,Male,Madison,United States
6,Budd Cattonnet,1998-08-21,bcattonnet5@geocities.jp,Male,Fresno,United States
7,Clarita Westmoreland,1995-12-22,cwestmoreland6@alexa.com,Female,Champaign,United States
8,Joe Blaine,1998-01-18,jblaine7@arizona.edu,Male,El Paso,United States
9,Laetitia Buddington,1997-12-23,lbuddington8@hostgator.com,Female,Oklahoma City,United States
10,Blair Undrill,2000-01-22,bundrill9@accuweather.com,Male,Carson City,United States
11,Patti O'Doogan,1998-12-24,podoogana@harvard.edu,Female,Portland,United States
12,Giselbert Touson,1999-07-21,gtousonb@nsw.gov.au,Male,Detroit,United States
13,Winslow Smeed,1996-09-15,wsmeedc@berkeley.edu,Male,Fort Worth,United States
14,Gustie Kirwan,2000-09-24,gkirwand@studiopress.com,Female,Spartanburg,United States
15,Myrtle Gorrick,1997-09-25,mgorricke@nationalgeographic.com,Female,Charleston,United States
16,Thibaut Piel,1996-10-13,tpielf@alexa.com,Male,Lexington,United States
17,Sylvan Kingcote,1999-02-06,skingcoteg@sphinn.com,Male,Norfolk,United States
18,Brunhilda Dishman,1998-05-11,bdishmanh@cyberchimps.com,Female,Fort Wayne,United States
19,Ewan Pilley,2000-06-02,epilleyi@barnesandnoble.com,Male,Honolulu,United States
20,Dietrich Sleith,1997-03-28,dsleithj@spiegel.de,Male,Newark,United States
21,Branden Lies,1996-08-15,bliesk@hc360.com,Male,Columbus,United States
22,Milton Anthiftle,1997-03-02,manthiftlel@creativecommons.org,Male,Paterson,United States
23,Nichole Muggeridge,1995-12-10,nmuggeridgem@nps.gov,Male,Tacoma,United States
24,Noah Grisedale,1998-01-13,ngrisedalen@mozilla.com,Male,Irving,United States
25,Corissa Philipart,1996-10-24,cphiliparto@surveymonkey.com,Female,Portland,United States
26,Chryste Coultar,1998-08-21,ccoultarp@wufoo.com,Female,Hartford,United States
27,Albrecht Whittuck,2000-05-21,awhittuckq@discovery.com,Male,Los Angeles,United States
28,Sorcha Snaden,1997-12-02,ssnadenr@cnn.com,Female,Syracuse,United States
29,Leanor Marlowe,1996-02-09,lmarlowes@pbs.org,Female,Minneapolis,United States
30,Piotr Mingame,1996-01-04,pmingamet@taobao.com,Male,Evansville,United States
31,Cobby Wealleans,1997-10-20,cwealleansu@salon.com,Male,Dallas,United States
32,Fidelio Olrenshaw,1996-07-15,folrenshawv@flickr.com,Male,Flushing,United States
33,Clarinda Starsmore,1999-04-01,cstarsmorew@spiegel.de,Female,Santa Fe,United States
34,Marie-jeanne Luckham,1997-07-26,mluckhamx@bloglovin.com,Female,Fort Lauderdale,United States
35,Loralie Loader,1999-10-30,lloadery@blog.com,Female,Richmond,United States
36,Vasily Wilshin,1997-06-04,vwilshinz@google.com.br,Male,Miami,United States
37,Lacee Killingworth,1998-03-03,lkillingworth10@paginegialle.it,Female,Akron,United States
38,Raffaello Hedgeley,2000-09-03,rhedgeley11@themeforest.net,Male,Jackson,United States
39,Nicky Dugan,1997-06-20,ndugan12@census.gov,Female,San Rafael,United States
40,Rhea Perrone,1999-08-17,rperrone13@pbs.org,Female,Cincinnati,United States
41,Sal Goding,1998-02-19,sgoding14@globo.com,Female,San Jose,United States
42,Jayne Baudet,1998-03-03,jbaudet15@phoca.cz,Female,Whittier,United States
43,Ruggiero Corderoy,1995-12-20,rcorderoy16@skype.com,Male,Lexington,United States
44,Binni Seear,1998-04-10,bseear17@dion.ne.jp,Female,Springfield,United States
45,Alex Shildrake,1997-10-12,ashildrake18@theguardian.com,Male,Charleston,United States
46,Jaynell Yoskowitz,1999-04-24,jyoskowitz19@hugedomains.com,Female,Chicago,United States
47,Wells Moring,1996-11-16,wmoring1a@cbsnews.com,Male,Charlotte,United States
48,Enrico Willcox,1999-06-21,ewillcox1b@google.cn,Male,Fullerton,United States
49,Arlen Rosendale,1997-01-30,arosendale1c@slideshare.net,Male,Erie,United States
50,Tomkin Rae,1997-04-29,trae1d@harvard.edu,Male,Shreveport,United States
51,Ford Bergeon,1997-11-06,fbergeon1e@delicious.com,Male,Pueblo,United States
52,Gwenette Jennemann,1999-03-17,gjennemann1f@flickr.com,Female,Grand Forks,United States
53,Ibbie Booy,1997-09-16,ibooy1g@behance.net,Female,Pittsburgh,United States
54,Arnie Jeppensen,1998-04-16,ajeppensen1h@deviantart.com,Male,San Diego,United States
55,Trixi Doulden,1999-04-01,tdoulden1i@upenn.edu,Female,Des Moines,United States
56,Gaspard Mohun,2000-05-21,gmohun1j@usda.gov,Male,San Antonio,United States
57,Benjamin Yanshin,1999-12-03,byanshin1k@utexas.edu,Male,Migrate,United States
58,Nissy Ivasyushkin,2000-07-05,nivasyushkin1l@unblog.fr,Female,Largo,United States
59,Reamonn Sidwick,1996-05-27,rsidwick1m@usnews.com,Male,Shreveport,United States
60,Suzie Dumsday,1999-02-03,sdumsday1n@xrea.com,Female,Miami,United States
61,Gabbie Dils,1999-04-06,gdils1o@dropbox.com,Male,Reading,United States
62,Frederich Shawdforth,1998-11-25,fshawdforth1p@tuttocitta.it,Male,Alexandria,United States
63,Pamelina Murtimer,1996-08-05,pmurtimer1q@abc.net.au,Female,Raleigh,United States
64,Cullin Quantrill,2000-09-06,cquantrill1r@livejournal.com,Male,Inglewood,United States
65,Ian Mannering,1996-03-03,imannering1s@google.com.au,Male,Asheville,United States
66,Pascal Bayman,1999-01-11,pbayman1t@prnewswire.com,Male,West Palm Beach,United States
67,Mimi Killingbeck,1996-03-30,mkillingbeck1u@home.pl,Female,Fort Lauderdale,United States
68,Caye Chiverton,1998-12-29,cchiverton1v@newsvine.com,Female,Orlando,United States
69,Avictor Dorracott,1998-07-03,adorracott1w@ning.com,Male,Stamford,United States
70,Kaja Mosedale,1997-01-19,kmosedale1x@hostgator.com,Female,Portland,United States
71,Genni Claasen,2000-08-05,gclaasen1y@un.org,Female,Wilkes Barre,United States
72,Andrea Westmoreland,1998-10-16,awestmoreland1z@mail.ru,Male,Sacramento,United States
73,Ade Behning,2000-09-09,abehning20@1688.com,Male,Tulsa,United States
74,Karalynn De Few,1996-08-30,kde21@aboutads.info,Female,Biloxi,United States
75,Cherrita Lydiard,1996-12-09,clydiard22@myspace.com,Female,Washington,United States
76,Hymie Blaschek,1997-07-03,hblaschek23@mozilla.com,Male,Little Rock,United States
77,Brig Wigglesworth,1998-11-10,bwigglesworth24@mapy.cz,Male,Winston Salem,United States
78,Iona Pecht,2000-06-29,ipecht25@paginegialle.it,Female,San Jose,United States
79,Maynord Catterell,1999-07-06,mcatterell26@hostgator.com,Male,Tucson,United States
80,Hinze Middlemist,1996-05-17,hmiddlemist27@about.com,Male,Seattle,United States
81,Pippa Wynett,1996-11-13,pwynett28@networksolutions.com,Female,Mobile,United States
82,Laura Babin,1997-02-15,lbabin29@virginia.edu,Female,Las Vegas,United States
83,Barthel Gudgin,1999-01-19,bgudgin2a@theglobeandmail.com,Male,New York City,United States
84,Ryun Watchorn,1995-10-18,rwatchorn2b@berkeley.edu,Male,Fort Worth,United States
85,Reamonn Worsnip,1997-01-25,rworsnip2c@businessinsider.com,Male,Baltimore,United States
86,Josefa Gouth,1999-02-17,jgouth2d@hhs.gov,Female,Wilmington,United States
87,Stacy Treske,1995-12-08,streske2e@berkeley.edu,Female,Phoenix,United States
88,Britteny Higginbottam,1999-05-14,bhigginbottam2f@disqus.com,Female,Springfield,United States
89,Roda Masterman,1996-08-31,rmasterman2g@mtv.com,Female,Oklahoma City,United States
90,Kippie Featherstone,1998-10-22,kfeatherstone2h@desdev.cn,Female,Wichita,United States
91,Maurie Rainer,1996-03-02,mrainer2i@163.com,Male,Washington,United States
92,Vevay Seville,1999-05-09,vseville2j@e-recht24.de,Female,Evansville,United States
93,Brunhilda Stiebler,1999-04-10,bstiebler2k@google.com.hk,Female,San Diego,United States
94,Kile Meenehan,1998-12-05,kmeenehan2l@hugedomains.com,Male,Seattle,United States
95,Lebbie Whinney,1997-11-07,lwhinney2m@psu.edu,Female,San Diego,United States
96,Carly Nudd,1996-12-11,cnudd2n@zimbio.com,Female,Seattle,United States
97,Georgy Clutheram,1997-05-29,gclutheram2o@csmonitor.com,Male,Atlanta,United States
98,Jammal Genge,1997-09-03,jgenge2p@nasa.gov,Male,Las Vegas,United States
99,Gilemette Sweetlove,2000-05-05,gsweetlove2q@home.pl,Female,Huntsville,United States
100,Marcella Arnall,1996-07-03,marnall2r@umich.edu,Female,Naples,United States
101,Gearard Crehan,1998-09-10,gcrehan2s@craigslist.org,Male,Fort Lauderdale,United States
102,Niel Beavis,1997-05-16,nbeavis2t@photobucket.com,Male,Schenectady,United States
103,Cathe MacGuigan,1998-04-10,cmacguigan2u@discovery.com,Female,Washington,United States
104,Elvera Grocock,1996-05-04,egrocock2v@live.com,Female,Columbus,United States
105,Martin MacGiany,2000-01-08,mmacgiany2w@kickstarter.com,Male,Rockford,United States
106,Enrique Pickwell,1998-07-03,epickwell2x@google.de,Male,Orlando,United States
107,Celestia Gravenell,1997-07-20,cgravenell2y@businessweek.com,Female,Columbus,United States
108,Orazio Luppitt,1997-07-15,oluppitt2z@ning.com,Male,Mobile,United States
109,Dunstan Lindmark,1998-02-15,dlindmark30@mapquest.com,Male,Billings,United States
110,Sibyl Morant,1996-11-26,smorant31@wordpress.org,Male,Charlotte,United States
111,Rochester Deares,2000-01-16,rdeares32@etsy.com,Male,Saint Paul,United States
112,Sadella Camosso,2000-08-02,scamosso33@naver.com,Female,Bakersfield,United States
113,Emyle Ilieve,1996-04-06,eilieve34@edublogs.org,Female,Atlanta,United States
114,Laryssa Newns,1996-01-19,lnewns35@foxnews.com,Female,Jacksonville,United States
115,Xylia Affron,1999-03-22,xaffron36@intel.com,Female,Winter Haven,United States
116,Hymie Coldbreath,2000-02-27,hcoldbreath37@de.vu,Male,Chicago,United States
117,Iormina Arunowicz,1995-12-14,iarunowicz38@noaa.gov,Female,Phoenix,United States
118,Clevey Druce,1995-10-28,cdruce39@deviantart.com,Male,Marietta,United States
119,Cristian Vye,1997-09-29,cvye3a@ucoz.ru,Male,Shawnee Mission,United States
120,Gavin McComish,1999-02-28,gmccomish3b@hatena.ne.jp,Male,Joliet,United States
121,Leonora Kieff,2000-06-20,lkieff3c@discovery.com,Female,New York City,United States
122,Dominique Leggon,1998-07-27,dleggon3d@techcrunch.com,Male,Tulsa,United States
123,Toma Ruoss,1995-10-26,truoss3e@yolasite.com,Female,Hartford,United States
124,Heidi Tapton,1998-07-25,htapton3f@nsw.gov.au,Female,Amarillo,United States
125,Charmine Brewer,1997-05-21,cbrewer3g@alexa.com,Female,Birmingham,United States
126,Mandy Shone,1997-08-03,mshone3h@arizona.edu,Female,Maple Plain,United States
127,Howard Genny,1998-09-05,hgenny3i@e-recht24.de,Male,Houston,United States
128,Merrie Durnin,1999-03-28,mdurnin3j@whitehouse.gov,Female,New Orleans,United States
129,Zollie Sabie,1998-03-13,zsabie3k@oracle.com,Male,Saint Louis,United States
130,Francis Boyford,1998-08-29,fboyford3l@newyorker.com,Male,Lancaster,United States
131,Yuma Dabner,1999-10-29,ydabner3m@hubpages.com,Male,Colorado Springs,United States
132,Ardra Southerton,1997-01-13,asoutherton3n@usatoday.com,Female,Miami,United States
133,Alain Pigford,1997-01-28,apigford3o@cdbaby.com,Male,San Diego,United States
134,Jose Cherm,1999-09-26,jcherm3p@mapquest.com,Male,Oceanside,United States
135,Janina O'Kinedy,1996-01-03,jokinedy3q@ask.com,Female,Beaumont,United States
136,Isabelita Layland,1996-08-08,ilayland3r@reuters.com,Female,Sacramento,United States
137,Kristien Brackenridge,2000-01-17,kbrackenridge3s@ucsd.edu,Female,Akron,United States
138,Erich Rojel,1997-03-31,erojel3t@google.fr,Male,Johnson City,United States
139,Bartlet Miskin,2000-04-03,bmiskin3u@squarespace.com,Male,Louisville,United States
140,Lewie De Ruel,1996-10-18,lde3v@bloomberg.com,Male,Columbus,United States
141,Kaylil Gilchrest,2000-05-26,kgilchrest3w@intel.com,Female,Durham,United States
142,Phyllis Leebetter,1997-01-04,pleebetter3x@vimeo.com,Female,Little Rock,United States
143,Ransell Pales,1998-06-18,rpales3y@example.com,Male,New Haven,United States
144,Tandie Patrie,2000-05-27,tpatrie3z@wikia.com,Female,Denver,United States
145,Rich Samworth,1997-02-10,rsamworth40@ft.com,Male,Young America,United States
146,Skipper Puttnam,1995-10-22,sputtnam41@wunderground.com,Male,Savannah,United States
147,Carlita Spritt,1999-02-09,cspritt42@google.com.hk,Female,Fullerton,United States
148,Jeniece Earsman,2000-04-05,jearsman43@people.com.cn,Female,Albuquerque,United States
149,Marnie Scraggs,1999-01-08,mscraggs44@seesaa.net,Female,Garland,United States
150,Cosme Haysman,1996-11-30,chaysman45@springer.com,Male,Santa Ana,United States
151,Zane Myerscough,1998-04-11,zmyerscough46@nydailynews.com,Male,San Jose,United States
152,Nobie Lownes,1999-11-19,nlownes47@mapquest.com,Male,Charleston,United States
153,Rollo Tilley,1996-10-25,rtilley48@geocities.jp,Male,Jamaica,United States
154,Vonni Riccio,2000-04-18,vriccio49@squarespace.com,Female,Denton,United States
155,Lombard Fidal,1998-05-31,lfidal4a@bizjournals.com,Male,Reston,United States
156,Sheppard Burdge,1998-10-05,sburdge4b@mlb.com,Male,Rochester,United States
157,Hayden Burndred,1999-01-15,hburndred4c@icq.com,Male,Saint Louis,United States
158,Bess Skilling,1997-10-25,bskilling4d@google.com.hk,Female,Louisville,United States
159,Wallis Mooring,1995-12-26,wmooring4e@liveinternet.ru,Female,Columbia,United States
160,Beau Drinkel,1996-08-31,bdrinkel4f@creativecommons.org,Male,Shreveport,United States
161,Wright Gerner,2000-04-18,wgerner4g@nps.gov,Male,Cincinnati,United States
162,Ebba Stronack,2000-06-11,estronack4h@cdbaby.com,Female,Oklahoma City,United States
163,Arabella Duchart,1999-06-12,aduchart4i@pen.io,Female,Pinellas Park,United States
164,Wilburt Burren,1996-11-28,wburren4j@gravatar.com,Male,Springfield,United States
165,Celinka Terney,1996-04-19,cterney4k@posterous.com,Female,Miami Beach,United States
166,Sheba Donisi,2000-02-25,sdonisi4l@theglobeandmail.com,Female,Brooklyn,United States
167,Jesse Zorener,1996-08-23,jzorener4m@berkeley.edu,Male,Pasadena,United States
168,Ashley Tainton,1998-03-30,atainton4n@is.gd,Female,Austin,United States
169,Tye Tuberfield,1998-04-22,ttuberfield4o@webnode.com,Male,Greensboro,United States
170,Roda Dominiak,1997-09-30,rdominiak4p@vistaprint.com,Female,Los Angeles,United States
171,Mignonne Kleeman,1999-05-03,mkleeman4q@apple.com,Female,Grand Junction,United States
172,Hashim Vanstone,1998-06-10,hvanstone4r@4shared.com,Male,Louisville,United States
173,Massimo Goldin,1997-03-21,mgoldin4s@wisc.edu,Male,Louisville,United States
174,Archy Linsley,1999-11-25,alinsley4t@rediff.com,Male,Pittsburgh,United States
175,Dore Tondeur,1995-12-22,dtondeur4u@huffingtonpost.com,Female,Saint Louis,United States
176,Lowell Bruinsma,1999-01-06,lbruinsma4v@soundcloud.com,Male,Philadelphia,United States
177,Weider Dilworth,1999-08-26,wdilworth4w@live.com,Male,Oklahoma City,United States
178,Ammamaria Winsor,1996-01-06,awinsor4x@twitter.com,Female,Winter Haven,United States
179,Alvira Kaygill,1997-05-10,akaygill4y@europa.eu,Female,Columbus,United States
180,Theresa Bowness,1997-07-18,tbowness4z@techcrunch.com,Female,Lubbock,United States
181,Daune Blatcher,1996-05-25,dblatcher50@dot.gov,Female,Chicago,United States
182,Janeva Hitscher,1999-06-28,jhitscher51@hexun.com,Female,Sioux City,United States
183,Maurie Fasse,1996-07-14,mfasse52@un.org,Male,Los Angeles,United States
184,Aryn Erskine Sandys,1998-02-18,aerskine53@ted.com,Female,Waco,United States
185,Sanders Slorach,1999-11-24,sslorach54@sohu.com,Male,Chicago,United States
186,Tiphanie Capel,1998-03-20,tcapel55@google.com.au,Female,Omaha,United States
187,Elysia Antonazzi,1998-12-07,eantonazzi56@theguardian.com,Female,Jamaica,United States
188,Enos Berndtsson,2000-03-14,eberndtsson57@usgs.gov,Male,Houston,United States
189,Heywood Rowling,2000-08-28,hrowling58@biglobe.ne.jp,Male,Saginaw,United States
190,Michail Webster,1998-03-23,mwebster59@mashable.com,Male,Des Moines,United States
191,Fleming Kohneke,1998-07-05,fkohneke5a@hostgator.com,Male,Houston,United States
192,Gabriella Dyson,2000-07-25,gdyson5b@dailymail.co.uk,Female,Flushing,United States
193,Stanfield Rizzello,2000-06-13,srizzello5c@foxnews.com,Male,Wilmington,United States
194,Suzie Burnitt,1997-04-22,sburnitt5d@cyberchimps.com,Female,Reno,United States
195,Raff Grigoroni,1996-11-25,rgrigoroni5e@drupal.org,Male,Austin,United States
196,Brantley Blaik,1995-12-01,bblaik5f@go.com,Male,Cincinnati,United States
197,Antonio Doers,1998-01-22,adoers5g@intel.com,Male,Santa Fe,United States
198,Georgetta Raynes,1998-06-12,graynes5h@joomla.org,Female,Omaha,United States
199,Dodi Iacovone,2000-04-13,diacovone5i@reference.com,Female,Miami,United States
200,Newton Peto,1997-11-12,npeto5j@salon.com,Male,Omaha,United States
201,Jeanelle Andrysiak,1999-12-22,jandrysiak5k@twitpic.com,Female,Philadelphia,United States
202,Toddie Spittle,1997-10-02,tspittle5l@fastcompany.com,Male,Philadelphia,United States
203,Buddie Trood,1996-10-26,btrood5m@loc.gov,Male,Fullerton,United States
204,Winslow Minillo,1999-02-12,wminillo5n@businesswire.com,Male,Oklahoma City,United States
205,Hector Silby,1995-11-21,hsilby5o@lycos.com,Male,Saint Louis,United States
206,Andra Prott,1996-09-09,aprott5p@uiuc.edu,Female,Baton Rouge,United States
207,Joice Ledwich,1998-06-11,jledwich5q@prweb.com,Female,Wichita,United States
208,Ealasaid Kalinovich,1996-01-01,ekalinovich5r@wordpress.org,Female,Newark,United States
209,Mame Bayley,1999-11-08,mbayley5s@bbb.org,Female,Kansas City,United States
210,Dewain Bottom,1998-05-20,dbottom5t@csmonitor.com,Male,Colorado Springs,United States
211,Cami McLeod,2000-09-29,cmcleod5u@yale.edu,Female,Wilkes Barre,United States
212,Cosimo Dunbobin,1997-09-26,cdunbobin5v@digg.com,Male,Rockford,United States
213,Gino Hedden,1998-06-14,ghedden5w@slate.com,Male,San Antonio,United States
214,Abdel Hawksby,1999-01-16,ahawksby5x@surveymonkey.com,Male,Anchorage,United States
215,Faulkner Gatcliff,1996-09-26,fgatcliff5y@rakuten.co.jp,Male,Fort Lauderdale,United States
216,Adora Kinvig,1997-04-23,akinvig5z@java.com,Female,San Diego,United States
217,Jessie Solly,1998-11-17,jsolly60@businessinsider.com,Male,Richmond,United States
218,Aile McComiskey,1999-05-10,amccomiskey61@fda.gov,Female,Orlando,United States
219,Lorenza Dunkinson,1996-03-18,ldunkinson62@infoseek.co.jp,Female,Seattle,United States
220,Ripley Blasius,1999-01-16,rblasius63@google.com.hk,Male,El Paso,United States
221,Nannette Crocker,2000-05-03,ncrocker64@paypal.com,Female,Saint Paul,United States
222,Sophi Beckhurst,1996-05-26,sbeckhurst65@google.it,Female,Orlando,United States
223,Filberte Aindrais,1998-06-21,faindrais66@jimdo.com,Male,Philadelphia,United States
224,Hannah McGrale,1998-05-04,hmcgrale67@joomla.org,Female,Elmira,United States
225,Melvin Bridle,1999-10-24,mbridle68@netlog.com,Male,Tacoma,United States
226,Nyssa Pierpoint,1996-04-20,npierpoint69@cnbc.com,Female,Oceanside,United States
227,Lew Goodread,1997-12-08,lgoodread6a@cargocollective.com,Male,Shreveport,United States
228,Joan Broose,1996-08-16,jbroose6b@nasa.gov,Female,Inglewood,United States
229,Hedwiga Gieves,1999-07-01,hgieves6c@google.es,Female,New York City,United States
230,Sande Gibbons,1999-01-06,sgibbons6d@360.cn,Female,Raleigh,United States
231,Ody Labrom,1998-05-16,olabrom6e@blogspot.com,Male,Camden,United States
232,Charmian Musselwhite,1998-06-19,cmusselwhite6f@senate.gov,Female,Cincinnati,United States
233,Anallese Sporgeon,1999-07-04,asporgeon6g@webeden.co.uk,Female,Fort Myers,United States
234,Rasia Duker,1998-08-29,rduker6h@pinterest.com,Female,Richmond,United States
235,Laetitia Shorthouse,1995-10-25,lshorthouse6i@squarespace.com,Female,Monroe,United States
236,Bartolemo Orteau,1997-03-12,borteau6j@sakura.ne.jp,Male,Corona,United States
237,Galven Wooller,2000-06-23,gwooller6k@smh.com.au,Male,Columbus,United States
238,Roselin Tanswell,1997-09-16,rtanswell6l@altervista.org,Female,Corona,United States
239,Nealon Bretton,2000-07-08,nbretton6m@oracle.com,Male,Salt Lake City,United States
240,Alana Woolford,1997-07-30,awoolford6n@is.gd,Female,Miami,United States
241,Benedick Bousler,1996-11-22,bbousler6o@creativecommons.org,Male,Denver,United States
242,Phelia Kerner,1997-02-19,pkerner6p@telegraph.co.uk,Female,Evansville,United States
243,Viola Jervoise,2000-06-09,vjervoise6q@acquirethisname.com,Female,Manassas,United States
244,Dirk Blondin,1998-08-21,dblondin6r@ca.gov,Male,Denton,United States
245,Dominick Livingstone,1999-05-31,dlivingstone6s@marketwatch.com,Male,Newark,United States
246,Shelden Levington,1998-12-11,slevington6t@angelfire.com,Male,Rockford,United States
247,Dory English,2000-05-21,denglish6u@amazon.co.uk,Male,Hicksville,United States
248,Merrielle Seabridge,1999-09-11,mseabridge6v@macromedia.com,Female,Austin,United States
249,Micky Gravener,1999-02-15,mgravener6w@engadget.com,Male,Washington,United States
250,Lilllie Veare,2000-05-21,lveare6x@mail.ru,Female,Des Moines,United States
251,Georg Tregien,1995-10-14,gtregien6y@ycombinator.com,Male,Winston Salem,United States
252,Matty Kellough,1998-05-30,mkellough6z@wikia.com,Male,Charlottesville,United States
253,Lexine Rudge,1997-02-04,lrudge70@hc360.com,Female,Huntsville,United States
254,Ramona Melarkey,2000-07-29,rmelarkey71@nsw.gov.au,Female,Memphis,United States
255,Birch Mottini,1998-10-20,bmottini72@ca.gov,Male,Washington,United States
256,Louisa Creboe,1999-12-25,lcreboe73@time.com,Female,New York City,United States
257,Keene Mingo,1996-09-05,kmingo74@hc360.com,Male,Terre Haute,United States
258,Sarge Campany,2000-04-06,scampany75@rambler.ru,Male,Lakeland,United States
259,Ericha Bicknell,1996-03-25,ebicknell76@harvard.edu,Female,Grand Rapids,United States
260,Josi Grovier,1997-12-05,jgrovier77@hud.gov,Female,Tampa,United States
261,Wendall Edgar,2000-02-26,wedgar78@microsoft.com,Male,Des Moines,United States
262,Lem Kobel,1999-03-05,lkobel79@instagram.com,Male,Boise,United States
263,Lionello Bucksey,2000-04-27,lbucksey7a@oracle.com,Male,Wilmington,United States
264,Layla Boss,1996-02-02,lboss7b@qq.com,Female,Chico,United States
265,Glynis Yepiskov,1998-08-30,gyepiskov7c@merriam-webster.com,Female,Boynton Beach,United States
266,Alyse Heikkinen,1999-06-22,aheikkinen7d@exblog.jp,Female,New Orleans,United States
267,Ardis McGlade,1996-04-17,amcglade7e@ocn.ne.jp,Female,Inglewood,United States
268,Bren Mollene,1999-05-20,bmollene7f@youtube.com,Female,Tucson,United States
269,Viviene Thickins,1998-06-20,vthickins7g@narod.ru,Female,Greensboro,United States
270,Dorree Hryskiewicz,1996-09-20,dhryskiewicz7h@mozilla.org,Female,San Antonio,United States
271,Maurits Haggleton,1996-12-06,mhaggleton7i@google.fr,Male,Milwaukee,United States
272,Traver Trethowan,1999-05-28,ttrethowan7j@ask.com,Male,Fairbanks,United States
273,Murdock Broader,1996-06-09,mbroader7k@newyorker.com,Male,Garland,United States
274,Cheryl Braams,2000-02-20,cbraams7l@harvard.edu,Female,Kingsport,United States
275,Dayle Trahear,1996-04-12,dtrahear7m@domainmarket.com,Female,Biloxi,United States
276,Sawyer Haskur,2000-02-04,shaskur7n@accuweather.com,Male,Rochester,United States
277,Gannie Gulland,1998-05-21,ggulland7o@nhs.uk,Male,Lynchburg,United States
278,Doria Millar,1999-01-21,dmillar7p@cmu.edu,Female,South Bend,United States
279,Ayn Abys,1998-11-10,aabys7q@t.co,Female,Washington,United States
280,Claudia MacGiolla Pheadair,1996-07-23,cmacgiolla7r@comsenz.com,Female,Zephyrhills,United States
281,Chris Clemits,1995-11-30,cclemits7s@i2i.jp,Female,Pittsburgh,United States
282,Eadith Burgan,1997-10-28,eburgan7t@cloudflare.com,Female,Lexington,United States
283,Erica Hallows,1999-03-17,ehallows7u@pbs.org,Female,Mobile,United States
284,Cassi Spittal,1997-06-01,cspittal7v@nytimes.com,Female,Petaluma,United States
285,Domenic Coysh,1999-10-12,dcoysh7w@chronoengine.com,Male,Norwalk,United States
286,Eada Witch,1997-09-02,ewitch7x@google.it,Female,Toledo,United States
287,Carlye Janicek,1998-02-20,cjanicek7y@china.com.cn,Female,Chicago,United States
288,Samson Bozworth,1998-05-29,sbozworth7z@google.com.au,Male,Cincinnati,United States
289,Frasier Alcoran,1996-11-23,falcoran80@epa.gov,Male,Birmingham,United States
290,Omar Talloe,1997-05-22,otalloe81@amazon.co.jp,Male,Washington,United States
291,Scotty Empson,1996-10-15,sempson82@soup.io,Male,Baton Rouge,United States
292,Gilbert Harome,1998-09-11,gharome83@msn.com,Male,Houston,United States
293,Laverne Allmann,1998-07-24,lallmann84@1und1.de,Female,Clearwater,United States
294,Lennard O'Hartnett,1995-11-04,lohartnett85@1und1.de,Male,Boise,United States
295,Juan Morena,1998-05-28,jmorena86@youku.com,Male,High Point,United States
296,Jocko Davidou,1997-08-08,jdavidou87@miibeian.gov.cn,Male,Raleigh,United States
297,Dorelia Dessent,1997-04-21,ddessent88@zdnet.com,Female,San Diego,United States
298,Bernita Imlach,1995-11-05,bimlach89@wsj.com,Female,Stockton,United States
299,Alain Bennike,1996-10-27,abennike8a@bravesites.com,Male,Fort Lauderdale,United States
300,Ally Elwyn,1997-07-12,aelwyn8b@cyberchimps.com,Female,Sacramento,United States
301,Hans Norkett,1997-07-15,hnorkett8c@howstuffworks.com,Male,Minneapolis,United States
302,Lanna Geke,1996-12-31,lgeke8d@fotki.com,Female,Lincoln,United States
303,Kenon Motherwell,1996-05-01,kmotherwell8e@hao123.com,Male,Orange,United States
304,Gail Rylance,1997-01-30,grylance8f@fema.gov,Male,Philadelphia,United States
305,Kile Rosenauer,1997-12-02,krosenauer8g@uiuc.edu,Male,Miami,United States
306,Elisha Collough,1996-01-13,ecollough8h@wikimedia.org,Male,New Orleans,United States
307,Yoko Farnfield,1995-12-27,yfarnfield8i@e-recht24.de,Female,Santa Barbara,United States
308,Bev McConnell,1999-03-31,bmcconnell8j@geocities.com,Female,San Jose,United States
309,Ambrosio Bricknall,1999-06-10,abricknall8k@people.com.cn,Male,Dallas,United States
310,Pegeen Radnedge,1998-04-23,pradnedge8l@g.co,Female,New York City,United States
311,Valera Leatherland,1998-06-29,vleatherland8m@domainmarket.com,Female,San Francisco,United States
312,Leona Filov,1996-05-31,lfilov8n@php.net,Female,Aurora,United States
313,Pier Chase,1997-10-16,pchase8o@storify.com,Female,Alexandria,United States
314,Ruby Pinkett,1998-03-07,rpinkett8p@gov.uk,Female,North Little Rock,United States
315,Nonah Pearn,1998-10-09,npearn8q@stumbleupon.com,Female,Mobile,United States
316,Emmit Trudgian,2000-09-14,etrudgian8r@eventbrite.com,Male,Tacoma,United States
317,Ania O'Corrin,2000-05-31,aocorrin8s@drupal.org,Female,Oklahoma City,United States
318,Gabey Morgen,1999-01-01,gmorgen8t@jalbum.net,Female,Fort Myers,United States
319,Gerrilee Mabe,1999-09-08,gmabe8u@youtube.com,Female,Huntington Beach,United States
320,Sig Ziemen,1999-12-18,sziemen8v@boston.com,Male,Seattle,United States
321,Bordy Jellyman,1997-02-23,bjellyman8w@elegantthemes.com,Male,Rochester,United States
322,Shara Yakobowitch,2000-07-22,syakobowitch8x@nymag.com,Female,Reading,United States
323,Alie Clohisey,1996-04-09,aclohisey8y@photobucket.com,Female,Dayton,United States
324,Rosella Bettley,1996-01-05,rbettley8z@simplemachines.org,Female,High Point,United States
325,Dion Edwards,1999-06-21,dedwards90@macromedia.com,Male,Washington,United States
326,Clarisse Rawlin,1999-06-24,crawlin91@shutterfly.com,Female,Philadelphia,United States
327,Chrysler Pinnegar,1998-08-31,cpinnegar92@tripod.com,Female,Kansas City,United States
328,Clemmy Capozzi,1996-03-18,ccapozzi93@home.pl,Female,London,United States
329,Pavla Moulson,1999-11-01,pmoulson94@va.gov,Female,Van Nuys,United States
330,Marnia Parmer,1997-03-16,mparmer95@baidu.com,Female,Saint Louis,United States
331,Seka O' Timony,1999-04-11,so96@purevolume.com,Female,Hagerstown,United States
332,Sherwynd Van Vuuren,1997-11-04,svan97@miitbeian.gov.cn,Male,Houston,United States
333,Chris Kirtlan,2000-03-14,ckirtlan98@senate.gov,Male,Sacramento,United States
334,Jenifer Feedome,1995-10-31,jfeedome99@washingtonpost.com,Female,Omaha,United States
335,Meier Wadforth,1996-09-05,mwadforth9a@alexa.com,Male,Tucson,United States
336,Estel Loble,1998-10-04,eloble9b@livejournal.com,Female,Portland,United States
337,Caryl Harrad,1998-04-28,charrad9c@discuz.net,Female,High Point,United States
338,Freeman Faire,1998-03-25,ffaire9d@springer.com,Male,Orlando,United States
339,Bird MacRinn,1997-06-30,bmacrinn9e@topsy.com,Female,Merrifield,United States
340,Yovonnda Jeff,1998-02-06,yjeff9f@feedburner.com,Female,Mesa,United States
341,Cristen Wanderschek,1996-10-20,cwanderschek9g@harvard.edu,Female,Amarillo,United States
342,Riobard Gleeson,1997-10-18,rgleeson9h@japanpost.jp,Male,Lees Summit,United States
343,Jo Rosthorn,1996-03-08,jrosthorn9i@cnbc.com,Female,Dallas,United States
344,Lezley Taffurelli,1997-10-08,ltaffurelli9j@cbc.ca,Male,Decatur,United States
345,Curran Forlonge,1997-08-12,cforlonge9k@list-manage.com,Male,Lakeland,United States
346,Gallagher Welfair,1998-06-26,gwelfair9l@163.com,Male,Reading,United States
347,Tracey Jefford,1999-06-25,tjefford9m@indiegogo.com,Female,Washington,United States
348,Hieronymus Dulake,1999-05-08,hdulake9n@cisco.com,Male,Chicago,United States
349,Kasey Devonside,1996-04-27,kdevonside9o@google.pl,Female,Newport News,United States
350,Petronella Bick,1999-10-31,pbick9p@digg.com,Female,Grand Rapids,United States
351,Rochester Melross,1997-07-01,rmelross9q@shop-pro.jp,Male,Grand Rapids,United States
352,Nolly McCurry,2000-08-12,nmccurry9r@shinystat.com,Male,Tallahassee,United States
353,Germaine Keymar,1998-01-22,gkeymar9s@photobucket.com,Female,Irving,United States
354,Frederique Salkeld,2000-01-17,fsalkeld9t@yellowbook.com,Female,Chicago,United States
355,Melisent O'Reilly,1999-05-30,moreilly9u@skype.com,Female,Chicago,United States
356,Paige Godfrey,1998-07-28,pgodfrey9v@salon.com,Female,Pasadena,United States
357,Libbie Furmenger,2000-02-08,lfurmenger9w@unc.edu,Female,San Jose,United States
358,Llewellyn Records,1999-12-17,lrecords9x@homestead.com,Male,Madison,United States
359,Linnell Blaxall,1999-02-20,lblaxall9y@gnu.org,Female,South Bend,United States
360,Borg Caltera,1999-01-09,bcaltera9z@netscape.com,Male,Saint Cloud,United States
361,Kacie Stienham,1999-10-09,kstienhama0@icio.us,Female,Alexandria,United States
362,Rosco Zanotti,1998-02-19,rzanottia1@yellowbook.com,Male,Memphis,United States
363,Babara Chrishop,2000-04-19,bchrishopa2@nih.gov,Female,Philadelphia,United States
364,Raoul Dibner,1997-06-01,rdibnera3@free.fr,Male,Jamaica,United States
365,Neddie Beardshaw,1999-08-05,nbeardshawa4@mapquest.com,Male,San Diego,United States
366,Kerri Hugnet,1999-09-24,khugneta5@aol.com,Female,South Bend,United States
367,Robbert Elverstone,1997-05-05,relverstonea6@netlog.com,Male,New York City,United States
368,Luigi Bradd,1999-11-12,lbradda7@marketwatch.com,Male,Minneapolis,United States
369,Darnell Foxley,1997-01-11,dfoxleya8@unblog.fr,Male,Young America,United States
370,Tobin Laban,1996-06-08,tlabana9@sakura.ne.jp,Male,Pinellas Park,United States
371,Blinny Forster,1997-08-25,bforsteraa@linkedin.com,Female,Richmond,United States
372,Marcela Cheer,1999-10-28,mcheerab@irs.gov,Female,Charlotte,United States
373,Sisely Harbertson,1998-02-06,sharbertsonac@guardian.co.uk,Female,Phoenix,United States
374,Grange Dood,1998-05-07,gdoodad@home.pl,Male,Bethlehem,United States
375,Jamison Hamly,1998-05-24,jhamlyae@pcworld.com,Male,Raleigh,United States
376,Petronella Beeck,1999-01-21,pbeeckaf@i2i.jp,Female,Santa Cruz,United States
377,Peyter Learmonth,1997-08-18,plearmonthag@usatoday.com,Male,Norfolk,United States
378,Nigel Essel,2000-07-08,nesselah@mozilla.org,Male,Naples,United States
379,Dell Gavahan,1997-02-20,dgavahanai@mit.edu,Male,Columbus,United States
380,Esme Harbor,2000-01-07,eharboraj@zdnet.com,Male,San Jose,United States
381,Kristyn Heatlie,1998-12-20,kheatlieak@google.ru,Female,Atlanta,United States
382,Pennie Bautiste,1998-11-01,pbautisteal@imdb.com,Female,Fresno,United States
383,Nadine Ollier,1998-02-15,nollieram@ucoz.com,Female,Savannah,United States
384,Nealon Chellenham,1996-08-01,nchellenhaman@senate.gov,Male,Long Beach,United States
385,Karrah Ledwich,1998-03-04,kledwichao@hhs.gov,Female,Austin,United States
386,Buck Farley,1999-12-27,bfarleyap@mashable.com,Male,Shawnee Mission,United States
387,Frieda Skull,1999-06-27,fskullaq@taobao.com,Female,Englewood,United States
388,Donnie Crocombe,1998-05-07,dcrocombear@goo.ne.jp,Female,Phoenix,United States
389,Libbey Kaygill,2000-08-28,lkaygillas@chicagotribune.com,Female,Washington,United States
390,Gerrard Martill,1996-09-10,gmartillat@tamu.edu,Male,Battle Creek,United States
391,Emlyn Duckerin,1997-10-16,educkerinau@ucoz.com,Female,Anaheim,United States
392,Drucy Egalton,2000-04-17,degaltonav@wikia.com,Female,Sacramento,United States
393,Tanny Burdell,1997-10-28,tburdellaw@g.co,Male,Akron,United States
394,Jacinda Russo,1999-11-06,jrussoax@facebook.com,Female,Lansing,United States
395,Noble Yarnell,1998-01-17,nyarnellay@wikia.com,Male,Albany,United States
396,Lorettalorna Oseman,1999-10-18,losemanaz@tuttocitta.it,Female,Boulder,United States
397,Dianemarie Lees,2000-01-04,dleesb0@salon.com,Female,South Bend,United States
398,Agosto Van der Baaren,2000-01-20,avanb1@zdnet.com,Male,Albuquerque,United States
399,Garner Jersh,1998-10-01,gjershb2@microsoft.com,Male,West Hartford,United States
400,Yul Cultcheth,2000-04-24,ycultchethb3@ucoz.com,Male,Newark,United States
401,Marjorie Northrop,1998-01-09,mnorthropb4@vimeo.com,Female,Chandler,United States
402,Sheryl Aloigi,1996-03-04,saloigib5@w3.org,Female,Chicago,United States
403,Gabriele Mallatratt,1996-06-15,gmallatrattb6@bandcamp.com,Male,Zephyrhills,United States
404,Monroe Bryan,1997-02-13,mbryanb7@live.com,Male,Los Angeles,United States
405,Enrique Ibberson,1998-02-21,eibbersonb8@dmoz.org,Male,Winter Haven,United States
406,Rriocard Skeggs,2000-01-07,rskeggsb9@ucoz.ru,Male,Lubbock,United States
407,Lauryn Donavan,2000-07-13,ldonavanba@goo.ne.jp,Female,Erie,United States
408,Lane Spaunton,1999-01-16,lspauntonbb@latimes.com,Male,Kingsport,United States
409,Madge Ivashov,1999-01-09,mivashovbc@xinhuanet.com,Female,Charleston,United States
410,Oby Wearn,1996-01-06,owearnbd@squarespace.com,Male,Camden,United States
411,Vittoria Andrioni,1997-09-26,vandrionibe@miitbeian.gov.cn,Female,Akron,United States
412,Rheta Heather,1997-07-07,rheatherbf@dropbox.com,Female,Madison,United States
413,Imogen Slad,2000-01-18,isladbg@twitter.com,Female,Lexington,United States
414,Buckie Laskey,1998-04-09,blaskeybh@wisc.edu,Male,Anchorage,United States
415,Blake Ragg,1997-07-06,braggbi@networksolutions.com,Female,Farmington,United States
416,Merl Jupe,1997-08-29,mjupebj@cnn.com,Female,Sioux Falls,United States
417,Celka Glenn,2000-02-03,cglennbk@wikia.com,Female,Charlotte,United States
418,Livvyy Fritzer,1995-12-06,lfritzerbl@huffingtonpost.com,Female,Gatesville,United States
419,Alisa Pettigree,1998-03-23,apettigreebm@github.io,Female,Greensboro,United States
420,Fara Stihl,1998-09-25,fstihlbn@sourceforge.net,Female,Roanoke,United States
421,Latia Scurr,1995-10-12,lscurrbo@google.com.hk,Female,Springfield,United States
422,Jule Cassell,1998-09-12,jcassellbp@facebook.com,Male,Milwaukee,United States
423,Deeanne Rraundl,2000-01-19,drraundlbq@wisc.edu,Female,Houston,United States
424,Tobe Eger,1998-12-01,tegerbr@tinyurl.com,Male,Oklahoma City,United States
425,Hamil Easterfield,1998-09-17,heasterfieldbs@theatlantic.com,Male,Cincinnati,United States
426,Madalena Colleran,1997-12-17,mcolleranbt@irs.gov,Female,Farmington,United States
427,Brooke Bezemer,1999-02-18,bbezemerbu@wiley.com,Female,Tyler,United States
428,Umberto Branigan,1997-07-25,ubraniganbv@stanford.edu,Male,Boston,United States
429,Cullen Carette,1996-02-18,ccarettebw@geocities.com,Male,Hamilton,United States
430,Mignon Dansken,1997-04-04,mdanskenbx@theguardian.com,Female,Gainesville,United States
431,Anita Nanelli,1996-09-04,ananelliby@taobao.com,Female,Seattle,United States
432,Shalom Agdahl,1998-08-12,sagdahlbz@springer.com,Male,Washington,United States
433,Elly Meade,1998-04-14,emeadec0@arizona.edu,Female,Nashville,United States
434,Ade Parkes,2000-02-22,aparkesc1@wordpress.org,Male,Beaumont,United States
435,Rickert Blainey,1996-10-05,rblaineyc2@opensource.org,Male,Chicago,United States
436,Titus Bewsy,1996-03-29,tbewsyc3@ucla.edu,Male,Rockford,United States
437,Addie Carnegie,1997-09-09,acarnegiec4@51.la,Male,Grand Rapids,United States
438,Trudie Heath,1997-01-22,theathc5@i2i.jp,Female,Tempe,United States
439,Kissee Beau,1999-01-17,kbeauc6@umich.edu,Female,Chicago,United States
440,Jillayne Gimert,1996-08-11,jgimertc7@bloglovin.com,Female,Lafayette,United States
441,Persis Judron,1999-04-19,pjudronc8@springer.com,Female,Cincinnati,United States
442,Cord Sonier,2000-04-08,csonierc9@zimbio.com,Male,Louisville,United States
443,Dex Dran,1997-02-23,ddranca@51.la,Male,Chicago,United States
444,Fredric Lorenc,1998-12-28,florenccb@multiply.com,Male,South Bend,United States
445,Heida Sponder,1996-10-11,hspondercc@unicef.org,Female,Seattle,United States
446,Saleem Delbergue,1997-02-23,sdelberguecd@miitbeian.gov.cn,Male,Honolulu,United States
447,Sammy Bram,1996-04-05,sbramce@mayoclinic.com,Male,Lansing,United States
448,Moises Hebborn,1999-12-16,mhebborncf@odnoklassniki.ru,Male,Birmingham,United States
449,Evy Linnemann,1998-07-29,elinnemanncg@admin.ch,Female,Irving,United States
450,Dael Fugere,1998-02-07,dfugerech@apache.org,Female,Knoxville,United States
451,Cherice Decruse,1995-12-30,cdecruseci@github.com,Female,Waterbury,United States
452,Joan Bendon,2000-08-15,jbendoncj@wikispaces.com,Female,Cincinnati,United States
453,Dulce O'Crowley,1997-07-04,docrowleyck@sina.com.cn,Female,Nashville,United States
454,Maury Cason,1998-01-17,mcasoncl@hao123.com,Male,Houston,United States
455,Emmy Bilbrook,1996-08-04,ebilbrookcm@bbc.co.uk,Male,Saint Paul,United States
456,Celene Pigford,1998-01-16,cpigfordcn@bloglines.com,Female,Columbus,United States
457,Dorolice Ohm,1996-08-29,dohmco@nymag.com,Female,Corona,United States
458,Claire Kwiek,2000-07-02,ckwiekcp@newsvine.com,Male,El Paso,United States
459,Auberon MacDuffie,1999-09-20,amacduffiecq@printfriendly.com,Male,Louisville,United States
460,Rand O'Keefe,1995-11-11,rokeefecr@disqus.com,Male,Lansing,United States
461,Tulley Zarb,1996-06-06,tzarbcs@angelfire.com,Male,Odessa,United States
462,Jarib Symons,1997-02-21,jsymonsct@gnu.org,Male,Hyattsville,United States
463,Mandi Kalinsky,1996-05-10,mkalinskycu@qq.com,Female,Port Saint Lucie,United States
464,Hewett Huckfield,1997-01-11,hhuckfieldcv@flickr.com,Male,Denver,United States
465,Hazlett Elstob,1996-03-29,helstobcw@xing.com,Male,Shreveport,United States
466,Dun Lunck,1997-10-27,dlunckcx@parallels.com,Male,Miami,United States
467,Melany Hellyer,1997-06-29,mhellyercy@w3.org,Female,Phoenix,United States
468,Bord Emptage,1997-11-05,bemptagecz@sakura.ne.jp,Male,Corpus Christi,United States
469,Meggie Eddolls,2000-10-01,meddollsd0@godaddy.com,Female,Oklahoma City,United States
470,Moss Amsden,2000-09-23,mamsdend1@cbslocal.com,Male,Springfield,United States
471,Magdalena Lockitt,1999-05-30,mlockittd2@biblegateway.com,Female,Burbank,United States
472,Brock Maty,1999-07-31,bmatyd3@github.com,Male,Reston,United States
473,Kacy Napthine,1996-09-02,knapthined4@issuu.com,Female,Spartanburg,United States
474,Teresita O' Finan,1999-06-02,tod5@kickstarter.com,Female,Charlotte,United States
475,Grazia Dods,1996-05-18,gdodsd6@ebay.com,Female,Indianapolis,United States
476,Ignazio Gilardone,1999-04-23,igilardoned7@creativecommons.org,Male,Tacoma,United States
477,Keelby Fluit,1998-08-15,kfluitd8@wired.com,Male,Fresno,United States
478,Tobiah Aitken,1996-05-05,taitkend9@moonfruit.com,Male,Boise,United States
479,Tobi Wraggs,1996-04-17,twraggsda@youtu.be,Female,Springfield,United States
480,Addia Abramcik,1999-01-20,aabramcikdb@globo.com,Female,Greensboro,United States
481,Garvy Ibbott,1999-03-14,gibbottdc@timesonline.co.uk,Male,Stamford,United States
482,Boone Rubery,1996-11-16,bruberydd@networksolutions.com,Male,Houston,United States
483,Benny Mac Geaney,1999-03-20,bmacde@elpais.com,Male,Birmingham,United States
484,Blondy Juleff,2000-04-15,bjuleffdf@accuweather.com,Female,Saint Petersburg,United States
485,Mack Le Barr,1999-03-07,mledg@google.ru,Male,Rochester,United States
486,Winslow Aisthorpe,1995-12-11,waisthorpedh@census.gov,Male,Carson City,United States
487,Atlanta Gostage,1996-11-07,agostagedi@google.de,Female,Sacramento,United States
488,Carlie Espina,1998-11-10,cespinadj@telegraph.co.uk,Male,Farmington,United States
489,Arvy Stansall,2000-09-06,astansalldk@google.it,Male,Paterson,United States
490,Field Giffkins,1995-10-22,fgiffkinsdl@cnn.com,Male,Washington,United States
491,Thurston Searles,1999-02-03,tsearlesdm@dedecms.com,Male,Sacramento,United States
492,Krispin Poynor,1996-04-17,kpoynordn@pen.io,Male,Philadelphia,United States
493,Blisse Olech,2000-06-25,bolechdo@hatena.ne.jp,Female,Omaha,United States
494,Neddy Alsopp,1998-07-05,nalsoppdp@telegraph.co.uk,Male,Cleveland,United States
495,Velvet Blomefield,1998-07-02,vblomefielddq@geocities.jp,Female,Norfolk,United States
496,Cy Aronin,1995-11-21,caronindr@meetup.com,Male,Phoenix,United States
497,Patrice Allonby,1997-11-04,pallonbyds@ox.ac.uk,Female,Durham,United States
498,Saxe Ramirez,1996-06-10,sramirezdt@skype.com,Male,Corona,United States
499,Fremont Berkowitz,1999-01-17,fberkowitzdu@unblog.fr,Male,Tampa,United States
500,Wallie Baelde,1997-01-13,wbaeldedv@mit.edu,Female,Richmond,United States
